PRN,Name,Email,Status,Timestamp,Error_Message
2501132001,Student 1,tanmaysspu@gmail.com,Failed,2026-03-14 00:09:25.980607,"(334, b'UGFzc3dvcmQ6')"
2501132002,Student 2,tanmaysspu@gmail.com,Failed,2026-03-14 00:09:28.493238,"(334, b'UGFzc3dvcmQ6')"
2501132003,Student 3,tanmaysspu@gmail.com,Failed,2026-03-14 00:09:30.598254,"(334, b'UGFzc3dvcmQ6')"
2501132004,Student 4,tanmaysspu@gmail.com,Failed,2026-03-14 00:09:32.576825,"(334, b'UGFzc3dvcmQ6')"
2501132005,Student 5,tanmaysspu@gmail.com,Failed,2026-03-14 00:09:34.596552,"(334, b'UGFzc3dvcmQ6')"
2501132007,Student 7,tanmaysspu@gmail.com,Failed,2026-03-14 00:09:36.742972,"(334, b'UGFzc3dvcmQ6')"
2501132008,Student 8,tanmaysspu@gmail.com,Failed,2026-03-14 00:09:38.824036,"(334, b'UGFzc3dvcmQ6')"
2501132009,Student 9,tanmaysspu@gmail.com,Failed,2026-03-14 00:09:40.944801,"(334, b'UGFzc3dvcmQ6')"
2501132010,Student 10,tanmaysspu@gmail.com,Failed,2026-03-14 00:09:43.096935,"(334, b'UGFzc3dvcmQ6')"
2501132011,Student 11,tanmaysspu@gmail.com,Failed,2026-03-14 00:09:45.243211,"(334, b'UGFzc3dvcmQ6')"
2501132012,Student 12,tanmaysspu@gmail.com,Failed,2026-03-14 00:09:47.288692,"(334, b'UGFzc3dvcmQ6')"
2501132013,Student 13,tanmaysspu@gmail.com,Failed,2026-03-14 00:09:49.296056,"(334, b'UGFzc3dvcmQ6')"
2501132014,Student 14,tanmaysspu@gmail.com,Failed,2026-03-14 00:09:51.281705,"(334, b'UGFzc3dvcmQ6')"
2501132015,Student 15,tanmaysspu@gmail.com,Failed,2026-03-14 00:09:53.412102,"(334, b'UGFzc3dvcmQ6')"
2501132016,Student 16,tanmaysspu@gmail.com,Failed,2026-03-14 00:09:55.505107,"(334, b'UGFzc3dvcmQ6')"
2501132017,Student 17,tanmaysspu@gmail.com,Failed,2026-03-14 00:09:57.559028,"(334, b'UGFzc3dvcmQ6')"
2501132018,Student 18,tanmaysspu@gmail.com,Failed,2026-03-14 00:09:59.507548,"(334, b'UGFzc3dvcmQ6')"
2501132019,Student 19,tanmaysspu@gmail.com,Failed,2026-03-14 00:10:01.525247,"(334, b'UGFzc3dvcmQ6')"
2501132020,Student 20,tanmaysspu@gmail.com,Failed,2026-03-14 00:10:03.390834,"(334, b'UGFzc3dvcmQ6')"
2501132001,Student 1,tanmaysspu@gmail.com,Success,2026-03-14 00:11:33.930226,
2501132002,Student 2,tanmaysspu@gmail.com,Success,2026-03-14 00:11:37.478428,
2501132003,Student 3,tanmaysspu@gmail.com,Success,2026-03-14 00:11:40.285855,
2501132004,Student 4,tanmaysspu@gmail.com,Success,2026-03-14 00:11:43.118050,
2501132005,Student 5,tanmaysspu@gmail.com,Success,2026-03-14 00:11:45.908633,
2501132007,Student 7,tanmaysspu@gmail.com,Success,2026-03-14 00:11:48.748274,
2501132008,Student 8,tanmaysspu@gmail.com,Success,2026-03-14 00:11:51.514215,
2501132009,Student 9,tanmaysspu@gmail.com,Success,2026-03-14 00:11:54.282957,
2501132010,Student 10,tanmaysspu@gmail.com,Success,2026-03-14 00:11:57.006056,
2501132011,Student 11,tanmaysspu@gmail.com,Success,2026-03-14 00:11:59.804218,
2501132012,Student 12,tanmaysspu@gmail.com,Success,2026-03-14 00:12:02.605301,
2501132013,Student 13,tanmaysspu@gmail.com,Success,2026-03-14 00:12:05.442111,
2501132014,Student 14,tanmaysspu@gmail.com,Success,2026-03-14 00:12:08.257392,
2501132015,Student 15,tanmaysspu@gmail.com,Success,2026-03-14 00:12:11.166013,
2501132016,Student 16,tanmaysspu@gmail.com,Success,2026-03-14 00:12:14.100991,
2501132017,Student 17,tanmaysspu@gmail.com,Success,2026-03-14 00:12:16.953992,
2501132018,Student 18,tanmaysspu@gmail.com,Success,2026-03-14 00:12:19.687627,
2501132019,Student 19,tanmaysspu@gmail.com,Success,2026-03-14 00:12:22.990432,
2501132020,Student 20,tanmaysspu@gmail.com,Success,2026-03-14 00:12:25.839079,
